layout,num_spins,n_layers,seed,h,e_vqe,e_exact,abs_energy_error,rel_energy_error,mz_vqe,mz_exact,mz_error
1x4,4,1,0,0.0,-3.0000007152557373,-3.0,7.152557373046875e-07,2.384185791015625e-07,3.9999996209961965,4.0,3.790038034523491e-07
1x4,4,1,1,0.0,-3.0000009536743164,-3.0,9.5367431640625e-07,3.178914388020833e-07,3.999999618986756,4.0,3.810132440662528e-07
1x4,4,1,2,0.0,-3.0,-3.0,0.0,0.0,3.9999990606764473,4.0,9.393235527177524e-07
1x4,4,1,3,0.0,-2.999999523162842,-3.0,4.76837158203125e-07,1.5894571940104166e-07,3.99999937929308,4.0,6.20706920084757e-07
1x4,4,1,0,0.42424242424242425,-3.1343955993652344,-3.2997304816961495,0.1653348823309151,0.05010557172715771,3.8867638551623713,3.6820491843869974,0.20471467077537397
1x4,4,1,1,0.42424242424242425,-3.153433322906494,-3.2997304816961495,0.14629715878965532,0.0443360933873771,3.8321095300998422,3.6820491843869974,0.15006034571284488
1x4,4,1,2,0.42424242424242425,-3.1534318923950195,-3.2997304816961495,0.14629858930112993,0.044336526911109585,3.8320670390239684,3.6820491843869974,0.15001785463697104
1x4,4,1,3,0.42424242424242425,-3.1534290313720703,-3.2997304816961495,0.14630145032407915,0.04433739395857455,3.8319526701016002,3.6820491843869974,0.14990348571460288
1x4,4,1,0,0.8484848484848485,-3.5259785652160645,-4.286921536446602,0.7609429712305378,0.1775033587065085,3.5656305976444855,2.8175184922886274,0.7481121053558581
1x4,4,1,1,0.8484848484848485,-3.990966320037842,-4.286921536446602,0.29595521640876044,0.06903677006742595,2.4377991035580635,2.8175184922886274,0.3797193887305639
1x4,4,1,2,0.8484848484848485,-3.990809440612793,-4.286921536446602,0.29611209583380926,0.069073364958122,2.4378788992762566,2.8175184922886274,0.3796395930123708
1x4,4,1,3,0.8484848484848485,-3.9908902645111084,-4.286921536446602,0.29603127193549383,0.06905451135941992,2.449950661510229,2.8175184922886274,0.3675678307783983
1x4,4,1,0,1.2727272727272727,-4.116594314575195,-5.685950130151505,1.5693558155763094,0.2760059057244129,3.2053188296267763,2.3032378958616855,0.9020809337650908
1x4,4,1,1,1.2727272727272727,-5.48053503036499,-5.685950130151505,0.2054150997865145,0.03612678533658562,1.995474848896265,2.3032378958616855,0.30776304696542045
1x4,4,1,2,1.2727272727272727,-5.480440139770508,-5.685950130151505,0.20550999038099693,0.036143473944876305,1.995591927319765,2.3032378958616855,0.3076459685419204
1x4,4,1,3,1.2727272727272727,-5.480373859405518,-5.685950130151505,0.20557627074598717,0.03615513081197381,1.9906495846807957,2.3032378958616855,0.3125883111808898
1x4,4,1,0,1.696969696969697,-4.815176963806152,-7.23266457321502,2.4174876094088678,0.33424577967594876,2.95863804128021,2.0593848793962657,0.8992531618839443
1x4,4,1,1,1.696969696969697,-7.080379009246826,-7.23266457321502,0.15228556396819393,0.021055250444235778,1.84624332934618,2.0593848793962657,0.21314155005008573
1x4,4,1,2,1.696969696969697,-7.080371379852295,-7.23266457321502,0.15229319336272518,0.021056305296766824,1.8462343215942383,2.0593848793962657,0.2131505578020274
1x4,4,1,3,1.696969696969697,-7.080305099487305,-7.23266457321502,0.1523594737277154,0.02106546932813027,1.8462598845362663,2.0593848793962657,0.21312499485999936
1x4,4,1,0,2.121212121212121,-5.565171718597412,-8.839944309075708,3.274772590478296,0.37045172186392444,2.801375419832766,1.9260894220151488,0.8752859978176173
1x4,4,1,1,2.121212121212121,-8.719279289245605,-8.839944309075708,0.1206650198301027,0.013649975114234544,1.7671556547284126,1.9260894220151488,0.15893376728673614
1x4,4,1,2,2.121212121212121,-8.719210624694824,-8.839944309075708,0.12073368438088394,0.0136577426462891,1.7672058194875717,1.9260894220151488,0.15888360252757705
1x4,4,1,3,2.121212121212121,-8.719156265258789,-8.839944309075708,0.1207880438169191,0.01366389194249896,1.7666776552796364,1.9260894220151488,0.15941176673551238
1x4,4,1,0,2.5454545454545454,-6.34409236907959,-10.477365635745057,4.1332732666654675,0.3944954686475963,2.6726639475673437,1.8434458551778166,0.8292180923895272
1x4,4,1,1,2.5454545454545454,-10.377443313598633,-10.477365635745057,0.09992232214642449,0.009536970038110052,1.717661164700985,1.8434458551778166,0.1257846904768316
1x4,4,1,2,2.5454545454545454,-10.377435684204102,-10.477365635745057,0.09992995154095574,0.009537698216814175,1.7177317515015602,1.8434458551778166,0.12571410367625635
1x4,4,1,3,2.5454545454545454,-10.377354621887207,-10.477365635745057,0.10001101385785027,0.009545435115545472,1.7177450209856033,1.8434458551778166,0.12570083419221323
1x4,4,1,0,3.0,-7.203121662139893,-12.250560622684294,5.047438960544401,0.4120169775086119,2.540515722008422,1.7841804464211248,0.7563352755872972
1x4,4,1,1,3.0,-12.166156768798828,-12.250560622684294,0.08440385388546545,0.006889795208978054,1.6817072853446007,1.7841804464211248,0.10247316107652416
1x4,4,1,2,3.0,-12.16595458984375,-12.250560622684294,0.08460603284054358,0.0069062988581827895,1.6817105188965797,1.7841804464211248,0.10246992752454509
1x4,4,1,3,3.0,-12.165899276733398,-12.250560622684294,0.08466134595089514,0.006910814007493518,1.6816972121596336,1.7841804464211248,0.1024832342614912
1x4,4,2,0,0.0,-3.0,-3.0,0.0,0.0,3.999999523233888,4.0,4.7676611192315477e-07
1x4,4,2,1,0.0,-3.0000007152557373,-3.0,7.152557373046875e-07,2.384185791015625e-07,3.9999995255771728,4.0,4.7442282724574625e-07
1x4,4,2,2,0.0,-3.0,-3.0,0.0,0.0,4.000000954559838,4.0,9.545598382842968e-07
1x4,4,2,3,0.0,-3.000000238418579,-3.0,2.384185791015625e-07,7.947285970052083e-08,3.9999995548702376,4.0,4.4512976238308966e-07
1x4,4,2,0,0.42424242424242425,-3.139740228652954,-3.2997304816961495,0.15999025304319536,0.04848585480864974,3.875415144979172,3.6820491843869974,0.1933659605921747
1x4,4,2,1,0.42424242424242425,-3.139740467071533,-3.2997304816961495,0.15999001462461626,0.04848578255469432,3.875434375772386,3.6820491843869974,0.19338519138538857
1x4,4,2,2,0.42424242424242425,-3.1397407054901123,-3.2997304816961495,0.15998977620603716,0.04848571030073891,3.8753412039502706,3.6820491843869974,0.19329201956327324
1x4,4,2,3,0.42424242424242425,-3.1397407054901123,-3.2997304816961495,0.15998977620603716,0.04848571030073891,3.87541827355318,3.6820491843869974,0.19336908916618256
1x4,4,2,0,0.8484848484848485,-3.9993338584899902,-4.286921536446602,0.287587677956612,0.06708489425607526,2.448884889483452,2.8175184922886274,0.36863360280517554
1x4,4,2,1,0.8484848484848485,-3.9993081092834473,-4.286921536446602,0.28761342716315497,0.06709090071229892,2.448747217655182,2.8175184922886274,0.3687712746334455
1x4,4,2,2,0.8484848484848485,-3.9991233348846436,-4.286921536446602,0.2877982015619587,0.06713400259723729,2.449011467397213,2.8175184922886274,0.3685070248914144
1x4,4,2,3,0.8484848484848485,-3.999300479888916,-4.286921536446602,0.2876210565576862,0.06709268040303187,2.448619768023491,2.8175184922886274,0.3688987242651365
1x4,4,2,0,1.2727272727272727,-5.4857025146484375,-5.685950130151505,0.20024761550306724,0.0352179690147461,2.0346684381365776,2.3032378958616855,0.2685694577251079
1x4,4,2,1,1.2727272727272727,-5.486020088195801,-5.685950130151505,0.19993004195570396,0.035162116687501924,2.0354104228317738,2.3032378958616855,0.2678274730299117
1x4,4,2,2,1.2727272727272727,-5.485951900482178,-5.685950130151505,0.199998229669327,0.03517410900401231,2.035376477986574,2.3032378958616855,0.2678614178751113
1x4,4,2,3,1.2727272727272727,-5.485506534576416,-5.685950130151505,0.20044359557508873,0.035252436441919305,1.9655727073550224,2.3032378958616855,0.33766518850666305
1x4,4,2,0,1.696969696969697,-7.082968711853027,-7.23266457321502,0.14969586136199275,0.02069719393822944,1.8712463527917862,2.0593848793962657,0.1881385266044795
1x4,4,2,1,1.696969696969697,-7.083055019378662,-7.23266457321502,0.149609553836358,0.020685260918972003,1.8711044862866402,2.0593848793962657,0.18828039310962552
1x4,4,2,2,1.696969696969697,-7.083038806915283,-7.23266457321502,0.1496257662997369,0.020687502480600473,1.870902232825756,2.0593848793962657,0.18848264657050962
1x4,4,2,3,1.696969696969697,-7.08302116394043,-7.23266457321502,0.1496434092745904,0.020689941827078513,1.8713235408067703,2.0593848793962657,0.18806133858949536
1x4,4,2,0,2.121212121212121,-8.720593452453613,-8.839944309075708,0.11935085662209488,0.013501313181301482,1.7831975668668747,1.9260894220151488,0.14289185514827407
1x4,4,2,1,2.121212121212121,-8.720646858215332,-8.839944309075708,0.11929745086037613,0.013495271767481271,1.7827446684241295,1.9260894220151488,0.14334475359101928
1x4,4,2,2,2.121212121212121,-8.720542907714844,-8.839944309075708,0.11940140136086441,0.013507030947952754,1.7716858237981796,1.9260894220151488,0.15440359821696914
1x4,4,2,3,2.121212121212121,-8.72067642211914,-8.839944309075708,0.11926788695656754,0.013491927413402225,1.7814267948269844,1.9260894220151488,0.14466262718816436
1x4,4,2,0,2.5454545454545454,-10.378183364868164,-10.477365635745057,0.09918227087689324,0.00946633670381021,1.7287790179252625,1.8434458551778166,0.11466683725255411
1x4,4,2,1,2.5454545454545454,-10.37802791595459,-10.477365635745057,0.09933771979046746,0.009481173344906698,1.727938026189804,1.8434458551778166,0.11550782898801248
1x4,4,2,2,2.5454545454545454,-10.378175735473633,-10.477365635745057,0.09918990027142449,0.009467064882514333,1.7219108194112778,1.8434458551778166,0.12153503576653879
1x4,4,2,3,2.5454545454545454,-10.37813949584961,-10.477365635745057,0.09922613989544793,0.009470523731358912,1.7250623181462288,1.8434458551778166,0.11838353703158777
1x4,4,2,0,3.0,-12.166657447814941,-12.250560622684294,0.08390317486935217,0.006848925322975761,1.6895845606923103,1.7841804464211248,0.0945958857288145
1x4,4,2,1,3.0,-12.166546821594238,-12.250560622684294,0.0840138010900553,0.0068579556215972205,1.687697485089302,1.7841804464211248,0.09648296133182277
1x4,4,2,2,3.0,-12.166580200195312,-12.250560622684294,0.08398042248898108,0.006855230962530401,1.6855813041329384,1.7841804464211248,0.09859914228818645
1x4,4,2,3,3.0,-12.166638374328613,-12.250560622684294,0.0839222483556803,0.006850482271013944,1.6879930719733238,1.7841804464211248,0.09618737444780101
1x4,4,4,0,0.0,-2.9999992847442627,-3.0,7.152557373046875e-07,2.384185791015625e-07,4.000000747578235,4.0,7.475782348720372e-07
1x4,4,4,1,0.0,-3.0000009536743164,-3.0,9.5367431640625e-07,3.178914388020833e-07,3.9999996456547855,4.0,3.5434521450383727e-07
1x4,4,4,2,0.0,-3.000002384185791,-3.0,2.384185791015625e-06,7.947285970052084e-07,4.000000246038004,4.0,2.4603800419242816e-07
1x4,4,4,3,0.0,-2.9999990463256836,-3.0,9.5367431640625e-07,3.178914388020833e-07,3.9999998824932606,4.0,1.1750673944987966e-07
1x4,4,4,0,0.42424242424242425,-3.2976412773132324,-3.2997304816961495,0.0020892043829170426,0.0006331439475151121,3.68167688511312,3.6820491843869974,0.00037229927387727457
1x4,4,4,1,0.42424242424242425,-3.2996697425842285,-3.2997304816961495,6.073911192094883e-05,1.8407294855708126e-05,3.6822510240599513,3.6820491843869974,0.00020183967295395178
1x4,4,4,2,0.42424242424242425,-3.2997279167175293,-3.2997304816961495,2.5649786201675795e-06,7.773297347755239e-07,3.682037826627493,3.6820491843869974,1.135775950444895e-05
1x4,4,4,3,0.42424242424242425,-3.298967123031616,-3.2997304816961495,0.0007633586645332535,0.00023133970145975885,3.6842297967523336,3.6820491843869974,0.0021806123653362874
1x4,4,4,0,0.8484848484848485,-4.286919593811035,-4.286921536446602,1.9426355670759676e-06,4.5315398253969535e-07,2.817575789988041,2.8175184922886274,5.7297699413538794e-05
1x4,4,4,1,0.8484848484848485,-4.286551475524902,-4.286921536446602,0.00037006092169988847,8.632323184683927e-05,2.821740422397852,2.8175184922886274,0.004221930109224559
1x4,4,4,2,0.8484848484848485,-4.286365985870361,-4.286921536446602,0.0005555505762409041,0.0001295919627914151,2.8143224380910397,2.8175184922886274,0.0031960541975877277
1x4,4,4,3,0.8484848484848485,-4.286147117614746,-4.286921536446602,0.0007744188318561385,0.0001806468406925984,2.815742142498493,2.8175184922886274,0.0017763497901341907
1x4,4,4,0,1.2727272727272727,-5.685499668121338,-5.685950130151505,0.0004504620301668538,7.922370401705423e-05,2.305416464805603,2.3032378958616855,0.002178568943917547
1x4,4,4,1,1.2727272727272727,-5.684354782104492,-5.685950130151505,0.001595348047012557,0.0002805772140970305,2.29661712795496,2.3032378958616855,0.006620767906725611
1x4,4,4,2,1.2727272727272727,-5.685853481292725,-5.685950130151505,9.664885878013507e-05,1.6997837928198612e-05,2.3031212389469147,2.3032378958616855,0.00011665691477080742
1x4,4,4,3,1.2727272727272727,-5.682195663452148,-5.685950130151505,0.003754466699356307,0.0006603059494748448,2.2930330708622932,2.3032378958616855,0.010204824999392237
1x4,4,4,0,1.696969696969697,-7.2324066162109375,-7.23266457321502,0.0002579570040825985,3.566555609918642e-05,2.0586355477571487,2.0593848793962657,0.0007493316391169458
1x4,4,4,1,1.696969696969697,-7.232559680938721,-7.23266457321502,0.00010489227629939535,1.4502577195110995e-05,2.0591032654047012,2.0593848793962657,0.00028161399156445555
1x4,4,4,2,1.696969696969697,-7.232045650482178,-7.23266457321502,0.0006189227328423641,8.557326647421786e-05,2.059003919363022,2.0593848793962657,0.00038096003324383787
1x4,4,4,3,1.696969696969697,-7.231925964355469,-7.23266457321502,0.0007386088595513485,0.00010212126555497465,2.062282346189022,2.0593848793962657,0.0028974667927563758
1x4,4,4,0,2.121212121212121,-8.839705467224121,-8.839944309075708,0.00023884185158706828,2.7018479216193303e-05,1.9252329096198082,1.9260894220151488,0.0008565123953405696
1x4,4,4,1,2.121212121212121,-8.839937210083008,-8.839944309075708,7.098992700349527e-06,8.030585320612486e-07,1.9260312765836716,1.9260894220151488,5.814543147719675e-05
1x4,4,4,2,2.121212121212121,-8.83991527557373,-8.839944309075708,2.9033501977693277e-05,3.2843534939338297e-06,1.9258997067809105,1.9260894220151488,0.00018971523423827463
1x4,4,4,3,2.121212121212121,-8.839922904968262,-8.839944309075708,2.1404107446443277e-05,2.421294376760758e-06,1.9259618520736694,1.9260894220151488,0.00012756994147933298
1x4,4,4,0,2.5454545454545454,-10.476959228515625,-10.477365635745057,0.000406407229432304,3.878906621773193e-05,1.8431768715381622,1.8434458551778166,0.0002689836396543299
1x4,4,4,1,2.5454545454545454,-10.477355003356934,-10.477365635745057,1.0632388123710257e-05,1.014795941399269e-06,1.8434952720999718,1.8434458551778166,4.9416922155209875e-05
1x4,4,4,2,2.5454545454545454,-10.4773588180542,-10.477365635745057,6.817690858085257e-06,6.507065893382314e-07,1.8433780744671822,1.8434458551778166,6.778071063440194e-05
1x4,4,4,3,2.5454545454545454,-10.477364540100098,-10.477365635745057,1.0956449596477569e-06,1.045725612466749e-07,1.8434059545397758,1.8434458551778166,3.990063804071298e-05
1x4,4,4,0,3.0,-12.250527381896973,-12.250560622684294,3.324078732092062e-05,2.71340947934814e-06,1.7840827032923698,1.7841804464211248,9.774312875499014e-05
1x4,4,4,1,3.0,-12.250548362731934,-12.250560622684294,1.2259952359983117e-05,1.0007666373473091e-06,1.7841822728514671,1.7841804464211248,1.8264303422999006e-06
1x4,4,4,2,3.0,-12.250557899475098,-12.250560622684294,2.7232091959206173e-06,2.222926182560222e-07,1.7841551899909973,1.7841804464211248,2.5256430127518215e-05
1x4,4,4,3,3.0,-12.250555038452148,-12.250560622684294,5.584232145139367e-06,4.5583482398340827e-07,1.7842088267207146,1.7841804464211248,2.8380299589736424e-05
1x4,4,6,0,0.0,-2.999999761581421,-3.0,2.384185791015625e-07,7.947285970052083e-08,3.9999969821419343,4.0,3.017858065668122e-06
1x4,4,6,1,0.0,-2.999990701675415,-3.0,9.298324584960938e-06,3.0994415283203125e-06,3.999993458591,4.0,6.541408999805043e-06
1x4,4,6,2,0.0,-2.9999992847442627,-3.0,7.152557373046875e-07,2.384185791015625e-07,3.9999993748113414,4.0,6.251886586206012e-07
1x4,4,6,3,0.0,-3.0000009536743164,-3.0,9.5367431640625e-07,3.178914388020833e-07,4.000000056479529,4.0,5.6479528609543195e-08
1x4,4,6,0,0.42424242424242425,-3.2985644340515137,-3.2997304816961495,0.0011660476446357926,0.00035337663215342756,3.682607499882579,3.6820491843869974,0.0005583154955814962
1x4,4,6,1,0.42424242424242425,-3.2993640899658203,-3.2997304816961495,0.00036639173032915195,0.00011103686569601795,3.6821523858234286,3.6820491843869974,0.00010320143643127722
1x4,4,6,2,0.42424242424242425,-3.299245834350586,-3.2997304816961495,0.00048464734556352695,0.00014687482758119242,3.6852930495515466,3.6820491843869974,0.00324386516454922
1x4,4,6,3,0.42424242424242425,-3.2978286743164062,-3.2997304816961495,0.0019018073797432145,0.0005763523385599768,3.682421265169978,3.6820491843869974,0.00037208078298078817
1x4,4,6,0,0.8484848484848485,-4.286751747131348,-4.286921536446602,0.00016978931525457597,3.960635010719442e-05,2.814718022942543,2.8175184922886274,0.0028004693460843555
1x4,4,6,1,0.8484848484848485,-4.2849440574646,-4.286921536446602,0.001977478982002623,0.0004612818231428935,2.820065375417471,2.8175184922886274,0.0025468831288435467
1x4,4,6,2,0.8484848484848485,-4.284470558166504,-4.286921536446602,0.002450978280098326,0.000571733879255911,2.8114709816873074,2.8175184922886274,0.0060475106013200275
1x4,4,6,3,0.8484848484848485,-4.282610893249512,-4.286921536446602,0.0043106431970905135,0.001005533495409756,2.8171329125761986,2.8175184922886274,0.0003855797124288074
1x4,4,6,0,1.2727272727272727,-5.683309555053711,-5.685950130151505,0.002640575097793807,0.00046440349235413495,2.298373632133007,2.3032378958616855,0.004864263728678431
1x4,4,6,1,1.2727272727272727,-5.673800468444824,-5.685950130151505,0.012149661706680526,0.0021367865402570443,2.2993612736463547,2.3032378958616855,0.003876622215330805
1x4,4,6,2,1.2727272727272727,-5.684782028198242,-5.685950130151505,0.001168101953262557,0.00020543654561237462,2.3154857084155083,2.3032378958616855,0.01224781255382279
1x4,4,6,3,1.2727272727272727,-5.682906150817871,-5.685950130151505,0.0030439793336336507,0.0005353510431778167,2.294490374624729,2.3032378958616855,0.008747521236956324
1x4,4,6,0,1.696969696969697,-7.227851867675781,-7.23266457321502,0.0048127055392388485,0.0006654125171326083,2.0610414147377014,2.0593848793962657,0.0016565353414357276
1x4,4,6,1,1.696969696969697,-7.228564739227295,-7.23266457321502,0.004099833987725177,0.0005668497337631605,2.068570651113987,2.0593848793962657,0.00918577171772128
1x4,4,6,2,1.696969696969697,-7.232266426086426,-7.23266457321502,0.0003981471285943172,5.504847135712465e-05,2.058366395533085,2.0593848793962657,0.001018483863180819
1x4,4,6,3,1.696969696969697,-7.22979211807251,-7.23266457321502,0.002872455142510333,0.0003971503328314155,2.059716872870922,2.0593848793962657,0.00033199347465640017
1x4,4,6,0,2.121212121212121,-8.81570816040039,-8.839944309075708,0.024236148675317537,0.0027416630498944437,1.9342130944132805,1.9260894220151488,0.00812367239813172
1x4,4,6,1,2.121212121212121,-8.782485961914062,-8.839944309075708,0.05745834716164566,0.0064998539756245845,1.9129617363214493,1.9260894220151488,0.013127685693699487
1x4,4,6,2,2.121212121212121,-8.836380004882812,-8.839944309075708,0.003564304192895662,0.00040320437191400594,1.9289022535085678,1.9260894220151488,0.0028128314934190435
1x4,4,6,3,2.121212121212121,-8.828293800354004,-8.839944309075708,0.011650508721704256,0.0013179391537278154,1.9223871603608131,1.9260894220151488,0.0037022616543356257
1x4,4,6,0,2.5454545454545454,-10.476377487182617,-10.477365635745057,0.0009881485624401165,9.431269240704018e-05,1.8400646671652794,1.8434458551778166,0.003381188012537173
1x4,4,6,1,2.5454545454545454,-10.370845794677734,-10.477365635745057,0.10651984106732293,0.010166662572499617,1.8385151103138924,1.8434458551778166,0.004930744863924197
1x4,4,6,2,2.5454545454545454,-10.475142478942871,-10.477365635745057,0.0022231568021862103,0.00021218662013680113,1.8432760015130043,1.8434458551778166,0.0001698536648122584
1x4,4,6,3,2.5454545454545454,-10.471274375915527,-10.477365635745057,0.00609125982952996,0.0005813732231266933,1.8385804668068886,1.8434458551778166,0.004865388370927981
1x4,4,6,0,3.0,-12.234650611877441,-12.250560622684294,0.01591001080685217,0.0012987169564625226,1.79899113625288,1.7841804464211248,0.014810689831755264
1x4,4,6,1,3.0,-12.250560760498047,-12.250560622684294,1.3781375329813272e-07,1.1249587471363863e-08,1.7841766327619553,1.7841804464211248,3.8136591695714372e-06
1x4,4,6,2,3.0,-12.225929260253906,-12.250560622684294,0.024631362430387327,0.0020106314469215043,1.7864210903644562,1.7841804464211248,0.002240643943331344
1x4,4,6,3,3.0,-12.249670028686523,-12.250560622684294,0.0008905939977701394,7.269822379565483e-05,1.7795403748750687,1.7841804464211248,0.004640071546056168
1x8,8,1,0,0.0,-7.0,-7.0,0.0,0.0,7.999999315750723,8.0,6.842492767944464e-07
1x8,8,1,1,0.0,-6.999998569488525,-7.0,1.430511474609375e-06,2.0435878208705356e-07,8.000000734365418,8.0,7.343654182534465e-07
1x8,8,1,2,0.0,-6.999999046325684,-7.0,9.5367431640625e-07,1.362391880580357e-07,7.999997442095879,8.0,2.5579041214029985e-06
1x8,8,1,3,0.0,-6.999998092651367,-7.0,1.9073486328125e-06,2.724783761160714e-07,8.000000591776745,8.0,5.917767449403755e-07
1x8,8,1,0,0.4949494949494949,-7.201259613037109,-7.627296751472981,0.42603713843587165,0.05585689823246952,7.7859949802458335,7.463149414360586,0.32284556588524715
1x8,8,1,1,0.4949494949494949,-7.201556205749512,-7.627296751472981,0.4257405457234693,0.05581801254045222,7.782454546798684,7.463149414360586,0.31930513243809777
1x8,8,1,2,0.4949494949494949,-7.20155668258667,-7.627296751472981,0.4257400688863111,0.05581795002326248,7.782427058662796,7.463149414360586,0.3192776443022094
1x8,8,1,3,0.4949494949494949,-7.201557159423828,-7.627296751472981,0.4257395920491529,0.05581788750607274,7.782519367959609,7.463149414360586,0.31936995359902287
1x8,8,1,0,0.9898989898989898,-8.589417457580566,-9.777742220015789,1.1883247624352222,0.12153365630795934,4.746498426561288,4.690197845301691,0.05630058125959714
1x8,8,1,1,0.9898989898989898,-9.418243408203125,-9.777742220015789,0.35949881181266363,0.03676705764207426,3.499048026758828,4.690197845301691,1.191149818542863
1x8,8,1,2,0.9898989898989898,-9.418232917785645,-9.777742220015789,0.3595093022301441,0.03676813052958187,3.4986458792118356,4.690197845301691,1.1915519660898557
1x8,8,1,3,0.9898989898989898,-9.418256759643555,-9.777742220015789,0.35948546037223394,0.036765692148882756,3.4986446272960166,4.690197845301691,1.1915532180056747
1x8,8,1,0,1.4848484848484849,-11.038783073425293,-13.082895627713055,2.0441125542877625,0.15624312938473559,3.757365363133431,3.357624431668082,0.39974093146534884
1x8,8,1,1,1.4848484848484849,-12.88416862487793,-13.082895627713055,0.1987270028351258,0.015189833236471679,2.956305991508998,3.357624431668082,0.40131844015908413
1x8,8,1,2,1.4848484848484849,-12.883959770202637,-13.082895627713055,0.19893585751041876,0.015205797185220958,2.956379164941609,3.357624431668082,0.4012452667264732
1x8,8,1,3,1.4848484848484849,-12.884174346923828,-13.082895627713055,0.19872128078922735,0.015189395868012795,2.9574100396130234,3.357624431668082,0.4002143920550587
1x8,8,1,0,1.9797979797979797,-13.739558219909668,-16.732775619640964,2.9932173997312965,0.1788834959465931,3.393111355854444,2.9398344639927494,0.4532768918616945
1x8,8,1,1,1.9797979797979797,-16.593961715698242,-16.732775619640964,0.1388139039427223,0.008295928129209016,2.73302367888391,2.9398344639927494,0.2068107851088392
1x8,8,1,2,1.9797979797979797,-16.593645095825195,-16.732775619640964,0.13913052381576918,0.008314850266231832,2.733038907055743,2.9398344639927494,0.20679555693700635
1x8,8,1,3,1.9797979797979797,-16.593994140625,-16.732775619640964,0.1387814790159645,0.008293990319995836,2.733211521524936,2.9398344639927494,0.20662294246781343
1x8,8,1,0,2.4747474747474745,-16.54315948486328,-20.510405931159102,3.967246446295821,0.1934260326007902,3.202675848882393,2.74370617845661,0.45896967042578307
1x8,8,1,1,2.4747474747474745,-20.402944564819336,-20.510405931159102,0.10746136633976633,0.005239358338418482,2.6105039566755295,2.74370617845661,0.13320222178108043
1x8,8,1,2,2.4747474747474745,-20.402687072753906,-20.510405931159102,0.10771885840519602,0.005251912554375686,2.6105582944583148,2.74370617845661,0.13314788399829514
1x8,8,1,3,2.4747474747474745,-20.402965545654297,-20.510405931159102,0.10744038550480539,0.00523833540230345,2.610452361172065,2.74370617845661,0.13325381728454477
1x8,8,1,0,2.9696969696969697,-19.34077262878418,-24.349895909402374,5.009123280618194,0.20571436113137515,2.970553056024073,2.6296120098164906,0.3409410462075826
1x8,8,1,1,2.9696969696969697,-24.261917114257812,-24.349895909402374,0.08797879514456142,0.003613107648258555,2.533068696502596,2.6296120098164906,0.09654331331389443
1x8,8,1,2,2.9696969696969697,-24.261859893798828,-24.349895909402374,0.08803601560354579,0.0036154575744840006,2.533025634009391,2.6296120098164906,0.0965863758070995
1x8,8,1,3,2.9696969696969697,-24.262042999267578,-24.349895909402374,0.08785291013479579,0.0036079378105625744,2.533105225302279,2.6296120098164906,0.09650678451421157
1x8,8,1,0,3.5,-22.44053840637207,-28.50184469581679,6.061306289444719,0.21266364876145494,2.882092512991221,2.550392817974686,0.33169969501653496
1x8,8,1,1,3.5,-28.428085327148438,-28.50184469581679,0.07375936866835175,0.0025878805198590324,2.476336825173348,2.550392817974686,0.07405599280133801
1x8,8,1,2,3.5,-28.42798614501953,-28.50184469581679,0.073858550797258,0.002591360369320173,2.4765484475065023,2.550392817974686,0.07384437046818393
1x8,8,1,3,3.5,-28.427898406982422,-28.50184469581679,0.07394628883436738,0.002594438697689643,2.476468881824985,2.550392817974686,0.07392393614970105
1x8,8,2,0,0.0,-7.000001430511475,-7.0,1.430511474609375e-06,2.0435878208705356e-07,8.000000005356956,8.0,5.3569557678656565e-09
1x8,8,2,1,0.0,-7.000000953674316,-7.0,9.5367431640625e-07,1.362391880580357e-07,8.000003846321668,8.0,3.846321668277142e-06
1x8,8,2,2,0.0,-6.999998092651367,-7.0,1.9073486328125e-06,2.724783761160714e-07,7.999999047192693,8.0,9.52807306831005e-07
1x8,8,2,3,0.0,-7.000001907348633,-7.0,1.9073486328125e-06,2.724783761160714e-07,8.000003847205399,8.0,3.847205398699316e-06
1x8,8,2,0,0.4949494949494949,-6.999998092651367,-7.627296751472981,0.6272986588216138,0.08224390360850588,7.999998094646174,7.463149414360586,0.5368486802855879
1x8,8,2,1,0.4949494949494949,-6.999999523162842,-7.627296751472981,0.6272972283101392,0.08224371605693666,8.00000190953482,7.463149414360586,0.5368524951742337
1x8,8,2,2,0.4949494949494949,-6.999999046325684,-7.627296751472981,0.6272977051472974,0.0822437785741264,7.999999060726686,7.463149414360586,0.5368496463660994
1x8,8,2,3,0.4949494949494949,-7.0,-7.627296751472981,0.627296751472981,0.08224365353974693,7.999996187428763,7.463149414360586,0.5368467730681763
1x8,8,2,0,0.9898989898989898,-7.000000953674316,-9.777742220015789,2.7777412663414722,0.28408820807887764,7.99999716132337,4.690197845301691,3.309799316021679
1x8,8,2,1,0.9898989898989898,-7.000002861022949,-9.777742220015789,2.7777393589928394,0.2840880130084217,7.999999050132901,4.690197845301691,3.30980120483121
1x8,8,2,2,0.9898989898989898,-6.999999046325684,-9.777742220015789,2.777743173690105,0.28408840314933353,7.999998100664635,4.690197845301691,3.3098002553629433
1x8,8,2,3,0.9898989898989898,-6.999999523162842,-9.777742220015789,2.777742696852947,0.2840883543817196,8.000000005301098,4.690197845301691,3.309802159999407
1x8,8,2,0,1.4848484848484849,-6.999999523162842,-13.082895627713055,6.082896104550214,0.46495028911375097,7.999996202622333,3.357624431668082,4.6423717709542505
1x8,8,2,1,1.4848484848484849,-7.000001430511475,-13.082895627713055,6.082894197201581,0.46495014332426465,7.999998094199615,3.357624431668082,4.642373662531533
1x8,8,2,2,1.4848484848484849,-7.000001907348633,-13.082895627713055,6.082893720364423,0.4649501068768931,7.999999051712986,3.357624431668082,4.642374620044904
1x8,8,2,3,1.4848484848484849,-7.000001430511475,-13.082895627713055,6.082894197201581,0.46495014332426465,8.000000059786254,3.357624431668082,4.642375628118172
1x8,8,2,0,1.9797979797979797,-6.999997615814209,-16.732775619640964,9.732778003826756,0.581659506173166,7.999999059480928,2.9398344639927494,5.060164595488178
1x8,8,2,1,1.9797979797979797,-6.999998569488525,-16.732775619640964,9.732777050152439,0.5816594491787774,7.999997139543996,2.9398344639927494,5.060162675551247
1x8,8,2,2,1.9797979797979797,-6.999997138977051,-16.732775619640964,9.732778480663914,0.5816595346703604,7.999996189533347,2.9398344639927494,5.060161725540597
1x8,8,2,3,1.9797979797979797,-6.999999046325684,-16.732775619640964,9.732776573315281,0.581659420681583,7.99999904751473,2.9398344639927494,5.06016458352198
1x8,8,2,0,2.4747474747474745,-6.999997138977051,-20.510405931159102,13.510408792182051,0.6587099659328166,7.999999046438749,2.74370617845661,5.256292867982139
1x8,8,2,1,2.4747474747474745,-6.999999523162842,-20.510405931159102,13.51040640799626,0.6587098496900763,7.999999052478868,2.74370617845661,5.256292874022258
1x8,8,2,2,2.4747474747474745,-7.000000476837158,-20.510405931159102,13.510405454321944,0.6587098031929801,8.000000006043166,2.74370617845661,5.256293827586556
1x8,8,2,3,2.4747474747474745,-7.000002861022949,-20.510405931159102,13.510403070136153,0.6587096869502398,8.000000000630966,2.74370617845661,5.256293822174356
1x8,8,2,0,2.9696969696969697,-6.999996662139893,-24.349895909402374,17.34989924726248,0.7125245755388654,8.000000016036193,2.6296120098164906,5.370388006219702
1x8,8,2,1,2.9696969696969697,-7.000006675720215,-24.349895909402374,17.34988923368216,0.7125241643017759,8.00000002012855,2.6296120098164906,5.370388010312059
1x8,8,2,2,2.9696969696969697,-6.999997138977051,-24.349895909402374,17.349898770425323,0.7125245559561468,8.000000436112083,2.6296120098164906,5.370388426295593
1x8,8,2,3,2.9696969696969697,-7.000002861022949,-24.349895909402374,17.349893048379425,0.7125243209635244,7.999999054421806,2.6296120098164906,5.370387044605315
1x8,8,2,0,3.5,-28.07079315185547,-28.50184469581679,0.4310515439613205,0.015123636682526231,2.2320468020625412,2.550392817974686,0.31834601591214495
1x8,8,2,1,3.5,-22.587594985961914,-28.50184469581679,5.914249709854875,0.2075041027334946,2.883462196914479,2.550392817974686,0.33306937893979294
1x8,8,2,2,3.5,-22.1124210357666,-28.50184469581679,6.389423660050188,0.22417579382109123,3.2961636913084362,2.550392817974686,0.74577087333375
1x8,8,2,3,3.5,-22.11249351501465,-28.50184469581679,6.389351180802141,0.22417325085417733,3.2962220273025196,2.550392817974686,0.7458292093278334
1x8,8,4,0,0.0,-6.999996662139893,-7.0,3.337860107421875e-06,4.76837158203125e-07,7.999995335370344,8.0,4.664629655870556e-06
1x8,8,4,1,0.0,-7.000001430511475,-7.0,1.430511474609375e-06,2.0435878208705356e-07,7.999996199732361,8.0,3.8002676392423496e-06
1x8,8,4,2,0.0,-6.999997138977051,-7.0,2.86102294921875e-06,4.087175641741071e-07,8.000001907661847,8.0,1.9076618471558504e-06
1x8,8,4,3,0.0,-6.999995231628418,-7.0,4.76837158203125e-06,6.811959402901786e-07,8.000001933054346,8.0,1.933054345926166e-06
1x8,8,4,0,0.4949494949494949,-7.318623065948486,-7.627296751472981,0.3086736855244947,0.040469604839340194,7.757429668121535,7.463149414360586,0.2942802537609488
1x8,8,4,1,0.4949494949494949,-7.318628311157227,-7.627296751472981,0.30866844031575447,0.040468917150253074,7.757412503688579,7.463149414360586,0.29426308932799294
1x8,8,4,2,0.4949494949494949,-7.318601131439209,-7.627296751472981,0.30869562003377204,0.04047248063006816,7.757356404484655,7.463149414360586,0.2942069901240689
1x8,8,4,3,0.4949494949494949,-7.3186259269714355,-7.627296751472981,0.3086708245015455,0.04046922973620176,7.757453903439903,7.463149414360586,0.29430448907931694
1x8,8,4,0,0.9898989898989898,-8.514381408691406,-9.777742220015789,1.2633608113243824,0.12920782557942526,5.882771102151655,4.690197845301691,1.1925732568499638
1x8,8,4,1,0.9898989898989898,-8.514076232910156,-9.777742220015789,1.2636659871056324,0.12923903685237387,5.883080005290774,4.690197845301691,1.1928821599890824
1x8,8,4,2,0.9898989898989898,-8.514296531677246,-9.777742220015789,1.2634456883385425,0.1292165062147141,5.887369514874633,4.690197845301691,1.197171669572942
1x8,8,4,3,0.9898989898989898,-8.514265060424805,-9.777742220015789,1.263477159590984,0.12921972487723693,5.889182374927058,4.690197845301691,1.198984529625367
1x8,8,4,0,1.4848484848484849,-12.051836967468262,-13.082895627713055,1.0310586602447938,0.0788096679500169,2.3010750312823802,3.357624431668082,1.0565494003857019
1x8,8,4,1,1.4848484848484849,-12.051931381225586,-13.082895627713055,1.0309642464874695,0.07880245137044531,2.296928039751947,3.357624431668082,1.0606963919161352
1x8,8,4,2,1.4848484848484849,-12.051973342895508,-13.082895627713055,1.0309222848175477,0.07879924400174682,2.2967279446311295,3.357624431668082,1.0608964870369526
1x8,8,4,3,1.4848484848484849,-12.051108360290527,-13.082895627713055,1.0317872674225281,0.0788653595337815,2.2979003014042974,3.357624431668082,1.0597241302637848
1x8,8,4,0,1.9797979797979797,-15.965417861938477,-16.732775619640964,0.7673577577024879,0.04585956180526092,2.2666357806883752,2.9398344639927494,0.6731986833043742
1x8,8,4,1,1.9797979797979797,-15.966444969177246,-16.732775619640964,0.7663306504637184,0.04579817884871402,2.267068180255592,2.9398344639927494,0.6727662837371575
1x8,8,4,2,1.9797979797979797,-15.966201782226562,-16.732775619640964,0.766573837414402,0.045812712417812866,2.2667453731410205,2.9398344639927494,0.6730890908517289
1x8,8,4,3,1.9797979797979797,-15.966646194458008,-16.732775619640964,0.7661294251829567,0.04578615303271458,2.2669830746017396,2.9398344639927494,0.6728513893910097
1x8,8,4,0,2.4747474747474745,-19.89933967590332,-20.510405931159102,0.611066255255782,0.029792986901710183,2.250346702989191,2.74370617845661,0.4933594754674191
1x8,8,4,1,2.4747474747474745,-19.899715423583984,-20.510405931159102,0.6106905075751179,0.02977466704583189,2.2509410777129233,2.74370617845661,0.4927651007436866
1x8,8,4,2,2.4747474747474745,-19.89923095703125,-20.510405931159102,0.6111749741278523,0.02979828757066989,2.250677506905049,2.74370617845661,0.4930286715515608
1x8,8,4,3,2.4747474747474745,-19.899612426757812,-20.510405931159102,0.6107935044012898,0.029779688732214774,2.250146394595504,2.74370617845661,0.4935597838611061
1x8,8,4,0,2.9696969696969697,-23.842334747314453,-24.349895909402374,0.5075611620879208,0.020844490012457636,2.2401164355687797,2.6296120098164906,0.38949557424771086
1x8,8,4,1,2.9696969696969697,-23.842227935791016,-24.349895909402374,0.5076679736113583,0.0208488765414118,2.2398454626090825,2.6296120098164906,0.3897665472074081
1x8,8,4,2,2.9696969696969697,-23.841920852661133,-24.349895909402374,0.5079750567412411,0.020861487812155025,2.239806103054434,2.6296120098164906,0.3898059067620565
1x8,8,4,3,2.9696969696969697,-23.842233657836914,-24.349895909402374,0.5076622515654599,0.020848641548789255,2.2399681196548045,2.6296120098164906,0.3896438901616861
1x8,8,4,0,3.5,-28.071725845336914,-28.50184469581679,0.4301188504798752,0.015090912713555121,2.2318676514551044,2.550392817974686,0.31852516651958185
1x8,8,4,1,3.5,-28.071426391601562,-28.50184469581679,0.43041830421522675,0.015101419182120488,2.231942039448768,2.550392817974686,0.3184507785259183
1x8,8,4,2,3.5,-28.071523666381836,-28.50184469581679,0.4303210294349533,0.015098006252841292,2.23195868358016,2.550392817974686,0.31843413439452606
1x8,8,4,3,3.5,-28.07178497314453,-28.50184469581679,0.430059722672258,0.015088838187914826,2.2318692402914166,2.550392817974686,0.31852357768326955
1x8,8,6,0,0.0,-7.000003814697266,-7.0,3.814697265625e-06,5.449567522321428e-07,8.00000003627385,8.0,3.627384970172898e-08
1x8,8,6,1,0.0,-6.999999046325684,-7.0,9.5367431640625e-07,1.362391880580357e-07,7.999998152755034,8.0,1.8472449658801793e-06
1x8,8,6,2,0.0,-6.999999046325684,-7.0,9.5367431640625e-07,1.362391880580357e-07,7.999998430603696,8.0,1.5693963035801062e-06
1x8,8,6,3,0.0,-6.999999523162842,-7.0,4.76837158203125e-07,6.811959402901785e-08,8.000003831195896,8.0,3.831195895642736e-06
1x8,8,6,0,0.4949494949494949,-7.2242608070373535,-7.627296751472981,0.4030359444356275,0.05284125655105701,7.81085513387488,7.463149414360586,0.34770571951429385
1x8,8,6,1,0.4949494949494949,-7.242311954498291,-7.627296751472981,0.38498479697469,0.050474605816319115,7.801397495590373,7.463149414360586,0.33824808122978656
1x8,8,6,2,0.4949494949494949,-7.245450973510742,-7.627296751472981,0.38184577796223884,0.05006305515627105,7.797420423817725,7.463149414360586,0.3342710094571384
1x8,8,6,3,0.4949494949494949,-7.197679042816162,-7.627296751472981,0.4296177086568189,0.05632633981021537,7.815521106846618,7.463149414360586,0.35237169248603184
1x8,8,6,0,0.9898989898989898,-8.418068885803223,-9.777742220015789,1.359673334212566,0.13905800578677666,6.71446089572902,4.690197845301691,2.0242630504273285
1x8,8,6,1,0.9898989898989898,-8.570429801940918,-9.777742220015789,1.2073124180748707,0.12347558269673028,6.262422502329654,4.690197845301691,1.572224657027963
1x8,8,6,2,0.9898989898989898,-8.417502403259277,-9.777742220015789,1.3602398167565113,0.1391159417121875,6.686900522916203,4.690197845301691,1.996702677614512
1x8,8,6,3,0.9898989898989898,-8.062824249267578,-9.777742220015789,1.7149179707482105,0.17538997573873874,6.961805827064151,4.690197845301691,2.27160798176246
1x8,8,6,0,1.4848484848484849,-12.488741874694824,-13.082895627713055,0.5941537530182313,0.04541454506138958,2.6249295505695045,3.357624431668082,0.7326948810985776
1x8,8,6,1,1.4848484848484849,-11.367923736572266,-13.082895627713055,1.7149718911407899,0.13108503957702017,2.965741447016324,3.357624431668082,0.3918829846517582
1x8,8,6,2,1.4848484848484849,-12.189435005187988,-13.082895627713055,0.8934606225250672,0.06829226861922523,2.4250524933449924,3.357624431668082,0.9325719383230897
1x8,8,6,3,1.4848484848484849,-11.135056495666504,-13.082895627713055,1.9478391320465516,0.1488844050640066,2.664401288080956,3.357624431668082,0.6932231435871259
1x8,8,6,0,1.9797979797979797,-16.395893096923828,-16.732775619640964,0.33688252271713637,0.02013309270230714,2.616367088397965,2.9398344639927494,0.32346737559478456
1x8,8,6,1,1.9797979797979797,-16.206525802612305,-16.732775619640964,0.5262498170286598,0.03145024047360957,2.440532243112102,2.9398344639927494,0.49930222088064724
1x8,8,6,2,1.9797979797979797,-14.355006217956543,-16.732775619640964,2.3777694016844215,0.1421025092151114,2.504390723966777,2.9398344639927494,0.4354437400259723
1x8,8,6,3,1.9797979797979797,-14.36180591583252,-16.732775619640964,2.370969703808445,0.14169613922422986,2.602505277492849,2.9398344639927494,0.3373291864999004
1x8,8,6,0,2.4747474747474745,-17.618148803710938,-20.510405931159102,2.8922571274481648,0.1410141338575016,2.3619848744918066,2.74370617845661,0.3817213039648033
1x8,8,6,1,2.4747474747474745,-14.024174690246582,-20.510405931159102,6.48623124091252,0.31624099799305944,4.541559287748644,2.74370617845661,1.797853109292034
1x8,8,6,2,2.4747474747474745,-15.60278034210205,-20.510405931159102,4.9076255890570515,0.23927491272132553,3.0560092851239524,2.74370617845661,0.3123031066673425
1x8,8,6,3,2.4747474747474745,-20.091726303100586,-20.510405931159102,0.41867962805851633,0.020413034703641066,2.3823060544673353,2.74370617845661,0.36140012398927457
1x8,8,6,0,2.9696969696969697,-24.002737045288086,-24.349895909402374,0.347158864114288,0.014257098486414368,2.3481963351368904,2.6296120098164906,0.28141567467960016
1x8,8,6,1,2.9696969696969697,-16.41672706604004,-24.349895909402374,7.933168843362335,0.32579888114836053,4.172988722079693,2.6296120098164906,1.5433767122632025
1x8,8,6,2,2.9696969696969697,-18.307952880859375,-24.349895909402374,6.041943028542999,0.24813013784629717,3.393678903594984,2.6296120098164906,0.7640668937784936
1x8,8,6,3,2.9696969696969697,-21.314119338989258,-24.349895909402374,3.035776570413116,0.12467308204142644,2.6805920373590197,2.6296120098164906,0.05098002754252917
1x8,8,6,0,3.5,-28.097381591796875,-28.50184469581679,0.40446310401991425,0.014190769346212781,2.2889326051808894,2.550392817974686,0.26146021279379683
1x8,8,6,1,3.5,-24.497455596923828,-28.50184469581679,4.004389098892961,0.14049578690886225,2.1884109615794163,2.550392817974686,0.3619818563952699
1x8,8,6,2,3.5,-21.8176326751709,-28.50184469581679,6.684212020645891,0.23451857562142045,3.207437088505852,2.550392817974686,0.6570442705311659
1x8,8,6,3,3.5,-28.170442581176758,-28.50184469581679,0.33140211464003144,0.011627391776809144,2.328776559792459,2.550392817974686,0.2216162581822272
1x16,16,1,0,0.0,-15.000007629394531,-15.000000000000021,7.629394509933718e-06,5.086263006622471e-07,15.999998307268726,16.000000000000004,1.6927312778136638e-06
1x16,16,1,1,0.0,-15.000001907348633,-15.000000000000021,1.907348611496218e-06,1.2715657409974768e-07,16.000006036038656,16.000000000000004,6.036038652013076e-06
1x16,16,1,2,0.0,-15.000000953674316,-15.000000000000021,9.536742950899679e-07,6.357828633933111e-08,16.000000430678263,16.000000000000004,4.306782592777836e-07
1x16,16,1,3,0.0,-14.999998092651367,-15.000000000000021,1.907348654128782e-06,1.271565769419186e-07,16.000006037422942,16.000000000000004,6.037422938476311e-06
1x16,16,1,0,0.5303030303030303,-15.235320091247559,-16.292419889392733,1.057099798145174,0.06488292134143955,15.732460623895314,15.067285108008539,0.6651755158867747
1x16,16,1,1,0.5303030303030303,-15.235311508178711,-16.292419889392733,1.0571083812140216,0.06488344815506858,15.732412866141686,15.067285108008539,0.6651277581331474
1x16,16,1,2,0.5303030303030303,-15.23531436920166,-16.292419889392733,1.0571055201910724,0.06488327255052558,15.732474200636112,15.067285108008539,0.665189092627573
1x16,16,1,3,0.5303030303030303,-15.235319137573242,-16.292419889392733,1.0571007518194904,0.06488297987628722,15.732577285197836,15.067285108008539,0.665292177189297
1x16,16,1,0,1.0606060606060606,-19.285512924194336,-20.720918354544253,1.4354054303499169,0.06927325352040305,5.8167335614368945,7.445750406971006,1.6290168455341112
1x16,16,1,1,1.0606060606060606,-20.256765365600586,-20.720918354544253,0.46415298894366686,0.02240021320492654,5.061832364723035,7.445750406971006,2.383918042247971
1x16,16,1,2,1.0606060606060606,-20.256425857543945,-20.720918354544253,0.4644924970003075,0.022416598002686534,5.064518703084927,7.445750406971006,2.381231703886079
1x16,16,1,3,1.0606060606060606,-20.25655174255371,-20.720918354544253,0.46436661199054186,0.02241052274059575,5.064607662880709,7.445750406971006,2.3811427440902966
1x16,16,1,0,1.590909090909091,-25.596668243408203,-27.866977835917282,2.2703095925090793,0.0814695302044169,4.815634855682616,4.755385753026454,0.06024910265616157
1x16,16,1,1,1.590909090909091,-27.65097999572754,-27.866977835917282,0.21599784018974333,0.007751032116275892,4.260816234351211,4.755385753026454,0.49456951867524346
1x16,16,1,2,1.590909090909091,-23.534116744995117,-27.866977835917282,4.332861090922165,0.15548370965930913,5.193250043897446,4.755385753026454,0.43786429087099155
1x16,16,1,3,1.590909090909091,-27.650897979736328,-27.866977835917282,0.21607985618095427,0.007753975240991241,4.260949630683854,4.755385753026454,0.49443612234260037
1x16,16,1,0,2.121212121212121,-32.449798583984375,-35.72961122119435,3.2798126372099716,0.09179536314865998,4.39005980374636,4.159344622789169,0.23071518095719146
1x16,16,1,1,2.121212121212121,-35.58798599243164,-35.72961122119435,0.141625228762706,0.003963805480164188,3.9344979862054856,4.159344622789169,0.22484663658368298
1x16,16,1,2,2.121212121212121,-29.307632446289062,-35.72961122119435,6.421978774905284,0.1797382774513888,4.731928066751411,4.159344622789169,0.5725834439622428
1x16,16,1,3,2.121212121212121,-29.311450958251953,-35.72961122119435,6.4181602629423935,0.17963140497692354,4.774861346865029,4.159344622789169,0.6155167240758601
1x16,16,1,0,2.6515151515151514,-39.52762985229492,-43.84976810426116,4.322138251966237,0.0985669580210671,4.150631933664279,3.8910938303089866,0.25953810335529237
1x16,16,1,1,2.6515151515151514,-43.742576599121094,-43.84976810426116,0.10719150514006515,0.002444517035647645,3.757232110795485,3.8910938303089866,0.13386171951350168
1x16,16,1,2,2.6515151515151514,-35.31169891357422,-43.84976810426116,8.53806919068694,0.19471184363817062,4.505728043411669,3.8910938303089866,0.6146342131026827
1x16,16,1,3,2.6515151515151514,-35.311336517333984,-43.84976810426116,8.538431586927175,0.19472010813433335,4.5011396619565485,3.8910938303089866,0.6100458316475619
1x16,16,1,0,3.181818181818182,-46.717525482177734,-52.09410417582297,5.376578693645236,0.10320896728540967,3.987437589003127,3.7365889573620805,0.25084863164104654
1x16,16,1,1,3.181818181818182,-52.0101432800293,-52.09410417582297,0.08396089579367327,0.0016117158961078705,3.6447297853342207,3.7365889573620805,0.09185917202785987
1x16,16,1,2,3.181818181818182,-41.429359436035156,-52.09410417582297,10.664744739787814,0.2047207627142066,4.33005669315255,3.7365889573620805,0.5934677357904699
1x16,16,1,3,3.181818181818182,-41.42988204956055,-52.09410417582297,10.664222126262423,0.2047107306091602,4.340045359394962,3.7365889573620805,0.6034564020328812
1x16,16,1,0,3.75,-54.49581527709961,-61.0039111478468,6.508095870747191,0.10668325601246144,3.886142542524568,3.629703740993147,0.25643880153142096
1x16,16,1,1,3.75,-60.930850982666016,-61.0039111478468,0.07306016518078451,0.0011976308372051527,3.5625958784467002,3.629703740993147,0.06710786254644674
1x16,16,1,2,3.75,-48.060523986816406,-61.0039111478468,12.943387161030394,0.21217307083247966,4.201722616524064,3.629703740993147,0.572018875530917
1x16,16,1,3,3.75,-48.0609245300293,-61.0039111478468,12.942986617817503,0.2121665049712856,4.207752099412388,3.629703740993147,0.5780483584192408
1x16,16,2,0,0.0,-14.999991416931152,-15.000000000000021,8.583068868972532e-06,5.722045912648346e-07,15.999994321802474,16.000000000000004,5.678197529945805e-06
1x16,16,2,1,0.0,-14.99999713897705,-15.000000000000021,2.861022970535032e-06,1.907348647023352e-07,15.999994284271716,16.000000000000004,5.71572828711453e-06
1x16,16,2,2,0.0,-15.00001049041748,-15.000000000000021,1.0490417459152468e-05,6.993611639434968e-07,16.000003818044675,16.000000000000004,3.818044671533016e-06
1x16,16,2,3,0.0,-14.999993324279785,-15.000000000000021,6.675720236160032e-06,4.4504801574400153e-07,15.999998115815794,16.000000000000004,1.8841842095440597e-06
1x16,16,2,0,0.5303030303030303,-14.999990463256836,-16.292419889392733,1.2924294261358966,0.07932703888741167,16.000000009250105,15.067285108008539,0.9327149012415656
1x16,16,2,1,0.5303030303030303,-15.000003814697266,-16.292419889392733,1.292416074695467,0.07932621939954429,16.000000023741265,15.067285108008539,0.9327149157327259
1x16,16,2,2,0.5303030303030303,-15.000007629394531,-16.292419889392733,1.2924122599982013,0.07932598526015361,15.999986696428596,15.067285108008539,0.9327015884200573
1x16,16,2,3,0.5303030303030303,-14.999995231628418,-16.292419889392733,1.2924246577643146,0.07932674621317332,15.99999428419354,15.067285108008539,0.9327091761850017
1x16,16,2,0,1.0606060606060606,-15.000001907348633,-20.720918354544253,5.72091644719562,0.27609376907471767,15.999994281775786,7.445750406971006,8.55424387480478
1x16,16,2,1,1.0606060606060606,-14.99998664855957,-20.720918354544253,5.7209317059846825,0.2760945054701226,15.999996205403447,7.445750406971006,8.55424579843244
1x16,16,2,2,1.0606060606060606,-15.00000286102295,-20.720918354544253,5.720915493521304,0.27609372305000485,15.999996189839965,7.445750406971006,8.55424578286896
1x16,16,2,3,1.0606060606060606,-14.999991416931152,-20.720918354544253,5.7209269376131004,0.27609427534655856,15.999990508454623,7.445750406971006,8.554240101483618
1x16,16,2,0,1.590909090909091,-14.999995231628418,-27.866977835917282,12.866982604288864,0.46172866968390186,15.999998109797797,4.755385753026454,11.244612356771343
1x16,16,2,1,1.590909090909091,-14.999987602233887,-27.866977835917282,12.866990233683396,0.46172894346294513,15.999994278018006,4.755385753026454,11.244608524991552
1x16,16,2,2,1.590909090909091,-14.999953269958496,-27.866977835917282,12.867024565958786,0.4617301754686399,15.999972177291568,4.755385753026454,11.244586424265114
1x16,16,2,3,1.590909090909091,-14.999994277954102,-27.866977835917282,12.86698355796318,0.46172870390628223,16.000000000764178,4.755385753026454,11.244614247737724
1x16,16,2,0,2.121212121212121,-15.000015258789062,-35.72961122119435,20.729595962405284,0.580179723593207,16.000003874441276,4.159344622789169,11.840659251652108
1x16,16,2,1,2.121212121212121,-15.000007629394531,-35.72961122119435,20.729603591799815,0.5801799371246246,16.000003837957806,4.159344622789169,11.840659215168637
1x16,16,2,2,2.121212121212121,-15.000004768371582,-35.72961122119435,20.729606452822765,0.5801800171989061,16.000007813954127,4.159344622789169,11.840663191164959
1x16,16,2,3,2.121212121212121,-15.0,-35.72961122119435,20.729611221194347,0.580180150656042,15.999992391820568,4.159344622789169,11.8406477690314
1x16,16,2,0,2.6515151515151514,-15.000004768371582,-43.84976810426116,28.849763335889577,0.657922825664523,16.00000002673491,3.8910938303089866,12.108906196425924
1x16,16,2,1,2.6515151515151514,-14.999994277954102,-43.84976810426116,28.849773826307057,0.6579230648999382,15.999994282956068,3.8910938303089866,12.108900452647081
1x16,16,2,2,2.6515151515151514,-15.0,-43.84976810426116,28.84976810426116,0.6579229344078936,16.00000381884061,3.8910938303089866,12.108909988531625
1x16,16,2,3,2.6515151515151514,-15.000003814697266,-43.84976810426116,28.849764289563893,0.6579228474131972,16.00000381821286,3.8910938303089866,12.108909987903875
1x16,16,2,0,3.181818181818182,-50.98637008666992,-52.09410417582297,1.1077340891530483,0.021264097092721503,3.1745640126209764,3.7365889573620805,0.5620249447411041
1x16,16,2,1,3.181818181818182,-15.000001907348633,-52.09410417582297,37.09410226847434,0.7120595095229572,15.999994279813736,3.7365889573620805,12.263405322451655
1x16,16,2,2,3.181818181818182,-46.49414825439453,-52.09410417582297,5.599955921428439,0.1074969233087877,3.703832798975398,3.7365889573620805,0.032756158386682444
1x16,16,2,3,3.181818181818182,-50.98788833618164,-52.09410417582297,1.1062158396413295,0.02123495272915601,3.174686458765791,3.7365889573620805,0.5619024985962895
1x16,16,2,0,3.75,-60.06431198120117,-61.0039111478468,0.9395991666456283,0.015402277476413779,3.169758707197616,3.629703740993147,0.4599450337955311
1x16,16,2,1,3.75,-60.07132339477539,-61.0039111478468,0.9325877530714095,0.015287343639512304,3.169789593988753,3.629703740993147,0.4599141470043939
1x16,16,2,2,3.75,-52.555049896240234,-61.0039111478468,8.448861251606566,0.13849704211800815,3.169771186183425,3.629703740993147,0.45993255480972195
1x16,16,2,3,3.75,-60.064449310302734,-61.0039111478468,0.9394618375440658,0.015400026324004393,3.169848380386611,3.629703740993147,0.45985536060653587
1x16,16,4,0,0.0,-14.999991416931152,-15.000000000000021,8.583068868972532e-06,5.722045912648346e-07,16.0000000122404,16.000000000000004,1.2240395363960488e-08
1x16,16,4,1,0.0,-15.000001907348633,-15.000000000000021,1.907348611496218e-06,1.2715657409974768e-07,15.999992611502432,16.000000000000004,7.388497571980679e-06
1x16,16,4,2,0.0,-14.999980926513672,-15.000000000000021,1.9073486349441282e-05,1.271565756629417e-06,15.999998096435347,16.000000000000004,1.9035646570131348e-06
1x16,16,4,3,0.0,-14.999984741210938,-15.000000000000021,1.5258789083816282e-05,1.0172526055877508e-06,16.000007718420626,16.000000000000004,7.718420622637723e-06
1x16,16,4,0,0.5303030303030303,-14.999983787536621,-16.292419889392733,1.2924361018561115,0.07932744863134536,16.000003824584518,15.067285108008539,0.9327187165759785
1x16,16,4,1,0.5303030303030303,-15.000009536743164,-16.292419889392733,1.2924103526495685,0.07932586819045827,15.999986726078903,15.067285108008539,0.9327016180703644
1x16,16,4,2,0.5303030303030303,-15.000001907348633,-16.292419889392733,1.2924179820440997,0.07932633646923963,16.000007633475004,15.067285108008539,0.9327225254664651
1x16,16,4,3,0.5303030303030303,-15.000000953674316,-16.292419889392733,1.2924189357184162,0.0793263950040873,15.999994291512676,15.067285108008539,0.9327091835041372
1x16,16,4,0,1.0606060606060606,-14.999988555908203,-20.720918354544253,5.72092979863605,0.276094413420697,16.000000034797306,7.445750406971006,8.554249627826302
1x16,16,4,1,1.0606060606060606,-14.999985694885254,-20.720918354544253,5.720932659658999,0.2760945514948354,15.99999047276303,7.445750406971006,8.554240065792026
1x16,16,4,2,1.0606060606060606,-15.000008583068848,-20.720918354544253,5.720909771475405,0.276093446901728,16.000015315627387,7.445750406971006,8.554264908656382
1x16,16,4,3,1.0606060606060606,-14.999982833862305,-20.720918354544253,5.720935520681948,0.2760946895689739,16.00000385351482,7.445750406971006,8.554253446543814
1x16,16,4,0,1.590909090909091,-14.999994277954102,-27.866977835917282,12.86698355796318,0.46172870390628223,15.999996194733564,4.755385753026454,11.24461044170711
1x16,16,4,1,1.590909090909091,-14.999940872192383,-27.866977835917282,12.8670369637249,0.4617306203595853,15.999977127333798,4.755385753026454,11.244591374307344
1x16,16,4,2,1.590909090909091,-14.999996185302734,-27.866977835917282,12.866981650614548,0.46172863546152143,16.000000017531956,4.755385753026454,11.244614264505502
1x16,16,4,3,1.590909090909091,-15.00000286102295,-27.866977835917282,12.866974974894333,0.46172839590485854,16.000000153479718,4.755385753026454,11.244614400453264
1x16,16,4,0,2.121212121212121,-14.999998092651367,-35.72961122119435,20.72961312854298,0.5801802040388965,16.000004241572082,4.159344622789169,11.840659618782913
1x16,16,4,1,2.121212121212121,-15.00001335144043,-35.72961122119435,20.729597869753917,0.5801797769760614,16.00000385089876,4.159344622789169,11.840659228109592
1x16,16,4,2,2.121212121212121,-15.000001907348633,-35.72961122119435,20.729609313845714,0.5801800972731876,16.000000042763414,4.159344622789169,11.840655419974246
1x16,16,4,3,2.121212121212121,-15.0,-35.72961122119435,20.729611221194347,0.580180150656042,15.999994307806842,4.159344622789169,11.840649685017674
1x16,16,4,0,2.6515151515151514,-15.000006675720215,-43.84976810426116,28.849761428540944,0.6579227821671748,16.000011753029078,3.8910938303089866,12.108917922720092
1x16,16,4,1,2.6515151515151514,-15.000003814697266,-43.84976810426116,28.849764289563893,0.6579228474131972,15.999992491464443,3.8910938303089866,12.108898661155457
1x16,16,4,2,2.6515151515151514,-15.000008583068848,-43.84976810426116,28.84975952119231,0.6579227386698265,15.999996186469849,3.8910938303089866,12.108902356160861
1x16,16,4,3,2.6515151515151514,-15.000007629394531,-43.84976810426116,28.849760474866628,0.6579227604185007,15.999996190459727,3.8910938303089866,12.10890236015074
1x16,16,4,0,3.181818181818182,-44.62130355834961,-52.09410417582297,7.472800617473361,0.14344810676179187,3.25753170268581,3.7365889573620805,0.47905725467627036
1x16,16,4,1,3.181818181818182,-39.17475509643555,-52.09410417582297,12.919349079387423,0.24800021583600496,3.5448192572995887,3.7365889573620805,0.19176970006249183
1x16,16,4,2,3.181818181818182,-45.543418884277344,-52.09410417582297,6.550685291545626,0.12574715306431586,3.3515100380056,3.7365889573620805,0.3850789193564803
1x16,16,4,3,3.181818181818182,-29.452272415161133,-52.09410417582297,22.641831760661837,0.43463328756443,7.999720529726861,3.7365889573620805,4.263131572364781
1x16,16,4,0,3.75,-60.055824279785156,-61.0039111478468,0.9480868680616439,0.015541411201716164,3.1702246853838005,3.629703740993147,0.45947905560934643
1x16,16,4,1,3.75,-53.49469757080078,-61.0039111478468,7.509213577046019,0.12309396948085786,3.3515705144772276,3.629703740993147,0.2781332265159193
1x16,16,4,2,3.75,-52.56234359741211,-61.0039111478468,8.44156755043469,0.13837748091226518,3.031546071860248,3.629703740993147,0.5981576691328989
1x16,16,4,3,3.75,-52.5612907409668,-61.0039111478468,8.442620406880003,0.1383947397474038,3.270224463602972,3.629703740993147,0.35947927739017516
1x16,16,6,0,0.0,-15.000027656555176,-15.000000000000021,2.7656555154464968e-05,1.8437703436309952e-06,15.999994321969185,16.000000000000004,5.678030818856428e-06
1x16,16,6,1,0.0,-15.000007629394531,-15.000000000000021,7.629394509933718e-06,5.086263006622471e-07,16.000011450076144,16.000000000000004,1.145007614056226e-05
1x16,16,6,2,0.0,-14.999995231628418,-15.000000000000021,4.768371603347532e-06,3.1789144022316833e-07,16.000011462659845,16.000000000000004,1.146265984175443e-05
1x16,16,6,3,0.0,-14.999998092651367,-15.000000000000021,1.907348654128782e-06,1.271565769419186e-07,16.000007729230706,16.000000000000004,7.729230702580026e-06
1x16,16,6,0,0.5303030303030303,-14.999983787536621,-16.292419889392733,1.2924361018561115,0.07932744863134536,15.99999619821188,15.067285108008539,0.9327110902033411
1x16,16,6,1,0.5303030303030303,-15.000007629394531,-16.292419889392733,1.2924122599982013,0.07932598526015361,15.99999812862665,15.067285108008539,0.9327130206181113
1x16,16,6,2,0.5303030303030303,-15.00000286102295,-16.292419889392733,1.2924170283697833,0.07932627793439195,15.999992616937579,15.067285108008539,0.93270750892904
1x16,16,6,3,0.5303030303030303,-15.000001907348633,-16.292419889392733,1.2924179820440997,0.07932633646923963,16.000003816271146,15.067285108008539,0.9327187082626072
1x16,16,6,0,1.0606060606060606,-14.999998092651367,-20.720918354544253,5.720920261892886,0.27609395317356894,15.999988557561299,7.445750406971006,8.554238150590294
1x16,16,6,1,1.0606060606060606,-14.999996185302734,-20.720918354544253,5.720922169241518,0.2760940452229945,16.000000026852447,7.445750406971006,8.554249619881443
1x16,16,6,2,1.0606060606060606,-15.000014305114746,-20.720918354544253,5.720904049429507,0.2760931707534512,16.000003815312073,7.445750406971006,8.554253408341069
1x16,16,6,3,1.0606060606060606,-15.000000953674316,-20.720918354544253,5.720917400869936,0.2760938150994305,15.999994281776196,7.445750406971006,8.554243874805191
1x16,16,6,0,1.590909090909091,-14.999995231628418,-27.866977835917282,12.866982604288864,0.46172866968390186,15.999998114231929,4.755385753026454,11.244612361205474
1x16,16,6,1,1.590909090909091,-15.000001907348633,-27.866977835917282,12.86697592856865,0.46172843012723896,15.99999237394532,4.755385753026454,11.244606620918866
1x16,16,6,2,1.590909090909091,-15.00000286102295,-27.866977835917282,12.866974974894333,0.46172839590485854,15.999996357060999,4.755385753026454,11.244610604034545
1x16,16,6,3,1.590909090909091,-14.999985694885254,-27.866977835917282,12.866992141032028,0.46172901190770593,16.0000077207848,4.755385753026454,11.244621967758347
1x16,16,6,0,2.121212121212121,-15.000008583068848,-35.72961122119435,20.7296026381255,0.5801799104331974,16.000019253219556,4.159344622789169,11.840674630430387
1x16,16,6,1,2.121212121212121,-15.00001049041748,-35.72961122119435,20.729600730776866,0.5801798570503429,16.000007636300303,4.159344622789169,11.840663013511135
1x16,16,6,2,2.121212121212121,-15.00001049041748,-35.72961122119435,20.729600730776866,0.5801798570503429,16.00000392451131,4.159344622789169,11.840659301722143
1x16,16,6,3,2.121212121212121,-14.999990463256836,-35.72961122119435,20.72962075793751,0.5801804175703139,15.999988603237329,4.159344622789169,11.84064398044816
1x16,16,6,0,2.6515151515151514,-14.99999713897705,-43.84976810426116,28.849770965284108,0.6579229996539159,16.000015305592132,3.8910938303089866,12.108921475283147
1x16,16,6,1,2.6515151515151514,-15.000006675720215,-43.84976810426116,28.849761428540944,0.6579227821671748,16.000019414735146,3.8910938303089866,12.10892558442616
1x16,16,6,2,2.6515151515151514,-14.999998092651367,-43.84976810426116,28.84977001160979,0.6579229779052418,15.999988583526573,3.8910938303089866,12.108894753217587
1x16,16,6,3,2.6515151515151514,-15.000009536743164,-43.84976810426116,28.849758567517995,0.6579227169211525,16.000011524627467,3.8910938303089866,12.108917694318482
1x16,16,6,0,3.181818181818182,-14.999999046325684,-52.09410417582297,37.09410512949729,0.7120595644432403,16.000007787154868,3.7365889573620805,12.263418829792787
1x16,16,6,1,3.181818181818182,-14.999987602233887,-52.09410417582297,37.09411657358908,0.7120597841243727,16.000003846942736,3.7365889573620805,12.263414889580655
1x16,16,6,2,3.181818181818182,-14.999933242797852,-52.09410417582297,37.09417093302512,0.7120608276097515,15.999918699406425,3.7365889573620805,12.263329742044345
1x16,16,6,3,3.181818181818182,-14.999197959899902,-52.09410417582297,37.09490621592307,0.7120749421225084,15.999196026530312,3.7365889573620805,12.262607069168231
1x16,16,6,0,3.75,-52.494964599609375,-61.0039111478468,8.508946548237425,0.1394819838291263,3.295609317125127,3.629703740993147,0.33409442386802013
1x16,16,6,1,3.75,-52.491546630859375,-61.0039111478468,8.512364516987425,0.13953801251131548,3.3516433160950068,3.629703740993147,0.2780604248981402
1x16,16,6,2,3.75,-14.999993324279785,-61.0039111478468,46.003917823567015,0.7541142355950529,16.000007821992178,3.629703740993147,12.37030408099903
1x16,16,6,3,3.75,-52.496150970458984,-61.0039111478468,8.507760177387816,0.13946253637358966,3.280518686671712,3.629703740993147,0.34918505432143476
